insert into Pessoa values ('12345678','Joana Teixeira','Rua de Carrazeda de Cima', 47, '4429-123','223456789');
insert into Pessoa values ('12545678','João Teixeira','Rua de Carrazeda de Baixo', 59, '4429-321','225361267');
insert into Pessoa values ('76543290', 'Carlos Alves', 'Rua Doutor Almeida Castro',37, '4512-423','218905569');

insert into Pessoa values ('12345675','Mário Caetano','Avenida central', 52, '4439-123','221029638');
insert into Pessoa values ('46932507', 'Marta Santos', 'Rua Engenheiro Correia Alves', 64,'4783-990','227545456');
insert into Pessoa values ('63832859', 'Luísa Pereira', 'Travessa Vitorino Reis',18,'4322-223','223476987');

insert into Pessoa values ('47039609', 'Guilherme Alves', 'Rua David Correia', 22, '4553-666','228775789');
insert into Pessoa values ('12355678','Rui Alves','Rua dos Altos', 29, '4429-420','229998643');
insert into Pessoa values ('12345658','Filipe Silva','Rua de Carrazeda de Cima', 29, '4429-124','220987654');

insert into Pessoa values ('40786446', 'Joaquim Alberto', 'Viela das luzes', 33, '4673-420','227484763');
insert into Pessoa values ('12345420','Filipa Caetano','Avenida central', 18, '4439-123','221029638');
insert into Pessoa values ('12345578','Jaime Cardoso','Rua dos Baixos', 32, '4429-567','221234567');

insert into Cliente values ('12345678');
insert into Cliente values ('12545678');
insert into Cliente values ('76543290');
insert into Cliente values ('12345420');
insert into Cliente values ('63832859');


insert into Empregado values ('12345675',1700);
insert into Empregado values ('46932507',1850);
insert into Empregado values ('63832859',1500);

insert into Empregado values ('47039609',1800);
insert into Empregado values ('12345658',1800);
insert into Empregado values ('12355678',1800);

insert into Empregado values ('40786446',3000);
insert into Empregado values ('12345420',3000);
insert into Empregado values ('12345578',3200);

insert into Dealer values ('40786446');
insert into Dealer values ('12345420');
insert into Dealer values ('12345578');

insert into Cashier values ('12345675');
insert into Cashier values ('46932507');
insert into Cashier values ('63832859');

insert into Barman values ('47039609');
insert into Barman values ('12355678');
insert into Barman values ('12345658');

insert into Horario values (1,'9','17');
insert into Horario values (2,'17','1');
insert into Horario values (3,'20','4');

insert into Trabalho values ('12345675',1);
insert into Trabalho values ('46932507',2);
insert into Trabalho values ('63832859',3);
insert into Trabalho values ('47039609',1);
insert into Trabalho values ('12345658',2);
insert into Trabalho values ('12355678',3);
insert into Trabalho values ('40786446',1);
insert into Trabalho values ('12345420',2);
insert into Trabalho values ('12345578',3);

insert into Sala_Jogo values (1);
insert into Sala_Jogo values (2);

insert into Mesa values (1,1);
insert into Mesa values (2,1);
insert into Mesa values (3,2);
insert into Mesa values (4,2);

insert into TipoJogo values ('Blackjack');
insert into TipoJogo values ('Poker');
insert into TipoJogo values ('Slot');
insert into TipoJogo values ('Roleta');

insert into AppliedMesaTipoJogo values(1,1,'Blackjack');
insert into AppliedMesaTipoJogo values(2,1,'Poker');
insert into AppliedMesaTipoJogo values(3,2,'Poker');
insert into AppliedMesaTipoJogo values(4,2,'Roleta');

insert into Applied values ('40786446',1,1);
insert into Applied values ('40786446',2,1);
insert into Applied values ('40786446',3,2);
insert into Applied values ('40786446',4,2);
insert into Applied values ('12345420',1,1);
insert into Applied values ('12345420',4,2);
insert into Applied values ('12345578',2,1);
insert into Applied values ('12345578',3,2);

insert into Maquina values (1);
insert into Maquina values (2);
insert into Maquina values (3);
insert into Maquina values (4);
insert into Maquina values (5);
insert into Maquina values (6);
insert into Maquina values (7);
insert into Maquina values (8);
insert into Maquina values (9);
insert into Maquina values (10);

insert into AppliedMaquinaTipoJogo values(1,'Slot');
insert into AppliedMaquinaTipoJogo values(2,'Slot');
insert into AppliedMaquinaTipoJogo values(3,'Slot');
insert into AppliedMaquinaTipoJogo values(4,'Slot');
insert into AppliedMaquinaTipoJogo values(5,'Slot');
insert into AppliedMaquinaTipoJogo values(6,'Slot');
insert into AppliedMaquinaTipoJogo values(7,'Slot');
insert into AppliedMaquinaTipoJogo values(8,'Roleta');
insert into AppliedMaquinaTipoJogo values(9,'Roleta');
insert into AppliedMaquinaTipoJogo values(10,'Roleta');

insert into Reparacao values (1,'2019-10-10','2019-10-17',200);
insert into Reparacao values (2,'2020-01-01','2020-02-01',1000);
insert into Reparacao values (3,'2019-08-10','2019-08-10',50);
insert into Reparacao values (4,'2019-11-10','2019-12-17',1000);
insert into Reparacao values (5,'2020-03-10','2020-04-01',200);

insert into AppliedMaquinaReparacao values (1,1);
insert into AppliedMaquinaReparacao values (1,2);
insert into AppliedMaquinaReparacao values (5,3);
insert into AppliedMaquinaReparacao values (3,4);
insert into AppliedMaquinaReparacao values (2,5);

insert into Aposta values (1,'2019-08-01',10,'W',0.8);
insert into Aposta values (2,'2019-08-01',10,'W',0.6);
insert into Aposta values (3,'2019-08-01',10,'W',0.9);
insert into Aposta values (4,'2019-08-01',65,'W',0.6);
insert into Aposta values (5,'2019-08-01',50,'L',0.8);
insert into Aposta values (6,'2019-08-01',64,'W',0.75);
insert into Aposta values (7,'2019-08-01',25,'L',0.6);

insert into Aposta values (8,'2019-08-01',10,'W',0.8);
insert into Aposta values (9,'2019-08-01',100,'W',0.7);
insert into Aposta values (10,'2019-08-01',1000,'W',0.7);
insert into Aposta values (11,'2019-08-01',10000,'W',0.7);

insert into Aposta values (12,'2019-08-01',13,'L',0.9);
insert into Aposta values (13,'2019-08-01',52,'L',0.55);

insert into Aposta values (14,'2019-08-01',5,'W',0.55);
insert into Aposta values (15,'2019-08-01',10,'W',0.55);
insert into Aposta values (16,'2019-08-01',20,'W',0.55);
insert into Aposta values (17,'2019-08-01',40,'W',0.55);
insert into Aposta values (18,'2019-08-01',80,'W',0.55);
insert into Aposta values (19,'2019-08-01',160,'L',0.55);

insert into Aposta values (20,'2019-08-01',420,'L',0.8);

insert into AppliedApostaMaquina values (1,1);
insert into AppliedApostaMaquina values (1,2);
insert into AppliedApostaMaquina values (2,3);
insert into AppliedApostaMaquina values (3,4);
insert into AppliedApostaMaquina values (4,5);
insert into AppliedApostaMaquina values (5,6);
insert into AppliedApostaMaquina values (6,7);
insert into AppliedApostaMaquina values (10,8);

insert into AppliedApostaMaquina values (5,12);
insert into AppliedApostaMaquina values (6,13);
insert into AppliedApostaMaquina values (7,14);
insert into AppliedApostaMaquina values (8,15);
insert into AppliedApostaMaquina values (9,16);

insert into AppliedApostaMesa values (4,2,9);
insert into AppliedApostaMesa values (4,2,10);
insert into AppliedApostaMesa values (4,2,11);

insert into AppliedApostaMesa values (1,1,17);
insert into AppliedApostaMesa values (2,1,18);
insert into AppliedApostaMesa values (3,2,19);
insert into AppliedApostaMesa values (3,2,20);

insert into AppliedApostaCliente values ('12345678',1);
insert into AppliedApostaCliente values ('76543290',2);
insert into AppliedApostaCliente values ('12345678',3);
insert into AppliedApostaCliente values ('76543290',4);
insert into AppliedApostaCliente values ('12345678',5);
insert into AppliedApostaCliente values ('76543290',6);
insert into AppliedApostaCliente values ('12345678',7);
insert into AppliedApostaCliente values ('12545678',8);
insert into AppliedApostaCliente values ('12545678',9);
insert into AppliedApostaCliente values ('12545678',10);
insert into AppliedApostaCliente values ('12545678',11);
insert into AppliedApostaCliente values ('76543290',12);
insert into AppliedApostaCliente values ('12345420',13);
insert into AppliedApostaCliente values ('63832859',14);
insert into AppliedApostaCliente values ('12345420',15);
insert into AppliedApostaCliente values ('63832859',16);
insert into AppliedApostaCliente values ('12345420',17);
insert into AppliedApostaCliente values ('63832859',18);
insert into AppliedApostaCliente values ('12345420',19);
insert into AppliedApostaCliente values ('63832859',20);

insert into Transacao values(1,500,'dinheiroToken');
insert into Transacao values(2,100,'dinheiroToken');
insert into Transacao values(3,10,'dinheiroToken');
insert into Transacao values(4,250,'dinheiroToken');
insert into Transacao values(5,60,'dinheiroToken');
insert into Transacao values(6,300,'tokenDinheiro');
insert into Transacao values(7,70,'tokenDinheiro');
insert into Transacao values(8,57,'tokenDinheiro');
insert into Transacao values(9,600,'tokenDinheiro');
insert into Transacao values(10,10,'tokenDinheiro');

insert into AppliedTransacaoCashier values (1,'12345675');
insert into AppliedTransacaoCashier values (2,'46932507');
insert into AppliedTransacaoCashier values (3,'12345675');
insert into AppliedTransacaoCashier values (4,'63832859');
insert into AppliedTransacaoCashier values (5,'12345675');
insert into AppliedTransacaoCashier values (6,'63832859');
insert into AppliedTransacaoCashier values (7,'46932507');
insert into AppliedTransacaoCashier values (8,'63832859');
insert into AppliedTransacaoCashier values (9,'46932507');
insert into AppliedTransacaoCashier values (10,'46932507');

insert into AppliedTransacaoCliente values (1,'63832859');
insert into AppliedTransacaoCliente values (1,'12545678');
insert into AppliedTransacaoCliente values (1,'12545678');
insert into AppliedTransacaoCliente values (1,'76543290');
insert into AppliedTransacaoCliente values (1,'12345420');
insert into AppliedTransacaoCliente values (1,'12345678');
insert into AppliedTransacaoCliente values (1,'76543290');
insert into AppliedTransacaoCliente values (1,'63832859');
insert into AppliedTransacaoCliente values (1,'12345678');
insert into AppliedTransacaoCliente values (1,'12345420');
insert into AppliedTransacaoCliente values (1,'12345678');

insert into Bar values (1,'Lucky Strike');

insert into AppliedBarmanBar values ('47039609',1);
insert into AppliedBarmanBar values ('12355678',1);
insert into AppliedBarmanBar values ('12345658',1);

insert into Produto values (1,'Whiskey',60);
insert into Produto values (2,'Vodka',30);
insert into Produto values (3,'Rum',53);
insert into Produto values (4,'Gin',22);
insert into Produto values (5,'Água Tónica',23);
insert into Produto values (6,'Cerveja',87);
insert into Produto values (7,'Vinho do Porto',17);
insert into Produto values (8,'Brandy',33);
insert into Produto values (9,'Champanhe',59);
insert into Produto values (10,'Água',30);
insert into Produto values (11,'Ginger Ale',28);
insert into Produto values (12,'Cidra de Maçã',34);
insert into Produto values (13,'Cachaça',12);
insert into Produto values (14,'Licor Beirão',59);

insert into Applied2 values (1,1);
insert into Applied2 values (1,2);
insert into Applied2 values (1,3);
insert into Applied2 values (1,4);
insert into Applied2 values (1,5);
insert into Applied2 values (1,6);
insert into Applied2 values (1,7);
insert into Applied2 values (1,8);
insert into Applied2 values (1,9);
insert into Applied2 values (1,10);
insert into Applied2 values (1,11);
insert into Applied2 values (1,12);
insert into Applied2 values (1,13);
insert into Applied2 values (1,14);

insert into Fornecedor values (1,'Marca_Branca-LDA');
insert into Fornecedor values (2,'Jameson');
insert into Fornecedor values (3,'Eristroff');
insert into Fornecedor values (4,'Bacardi');
insert into Fornecedor values (5,'Beefeater');
insert into Fornecedor values (6,'Schweppes');
insert into Fornecedor values (7,'Super Bock');
insert into Fornecedor values (8,'Sagres');
insert into Fornecedor values (9,'Cálem');
insert into Fornecedor values (10,'Luis Felipe');
insert into Fornecedor values (11,'Pol Roger');
insert into Fornecedor values (12,'Luso');
insert into Fornecedor values (13,'Bandida do Pomar');
insert into Fornecedor values (14,'51');
insert into Fornecedor values (15,'Licor Beirão');

insert into Fornece values (1,1);
insert into Fornece values (1,2);
insert into Fornece values (1,3);
insert into Fornece values (1,4);
insert into Fornece values (1,5);
insert into Fornece values (1,6);
insert into Fornece values (1,7);
insert into Fornece values (1,8);
insert into Fornece values (1,9);
insert into Fornece values (1,10);
insert into Fornece values (1,11);
insert into Fornece values (1,12);
insert into Fornece values (1,13);
insert into Fornece values (2,1);
insert into Fornece values (3,2);
insert into Fornece values (4,3);
insert into Fornece values (5,4);
insert into Fornece values (6,5);
insert into Fornece values (7,6);
insert into Fornece values (8,6);
insert into Fornece values (9,7);
insert into Fornece values (10,8);
insert into Fornece values (11,9);
insert into Fornece values (12,10);
insert into Fornece values (6,11);
insert into Fornece values (13,12);
insert into Fornece values (14,13);
insert into Fornece values (15,14);

insert into Preco_Compra values (1,1,1);
insert into Preco_Compra values (1,2,1);
insert into Preco_Compra values (1,3,1);
insert into Preco_Compra values (1,4,1);
insert into Preco_Compra values (1,5,1);
insert into Preco_Compra values (1,6,1);
insert into Preco_Compra values (1,7,1);
insert into Preco_Compra values (1,8,1);
insert into Preco_Compra values (1,9,1);
insert into Preco_Compra values (1,10,1);
insert into Preco_Compra values (1,11,1);
insert into Preco_Compra values (1,12,1);
insert into Preco_Compra values (1,13,1);
insert into Preco_Compra values (2,1,3);
insert into Preco_Compra values (3,2,3);
insert into Preco_Compra values (4,3,3);
insert into Preco_Compra values (5,4,3);
insert into Preco_Compra values (6,5,3);
insert into Preco_Compra values (7,6,3);
insert into Preco_Compra values (8,6,3);
insert into Preco_Compra values (9,7,3);
insert into Preco_Compra values (10,8,3);
insert into Preco_Compra values (11,9,3);
insert into Preco_Compra values (12,10,3);
insert into Preco_Compra values (6,11,3);
insert into Preco_Compra values (13,12,3);
insert into Preco_Compra values (14,13,3);
insert into Preco_Compra values (15,14,3);


insert into Espetaculo values (1, 'Hip-Hop', 10);
insert into Espetaculo values (2, 'Hip-Hop', 8);
insert into Espetaculo values (3, 'Hip-Hop', 7.5);
insert into Espetaculo values (4, 'EDM', 12);
insert into Espetaculo values (5, 'EDM', 10);
insert into Espetaculo values (6, 'EDM', 8);
insert into Espetaculo values (7, 'Pop', 15);
insert into Espetaculo values (8, 'Pop', 12.5);
insert into Espetaculo values (9, 'Pop', 10);
insert into Espetaculo values (10, 'Rock', 10);
insert into Espetaculo values (11, 'Rock', 8);
insert into Espetaculo values (12, 'Rock', 7.5);
insert into Espetaculo values (13, 'Jazz', 12);
insert into Espetaculo values (14, 'Jazz', 10);
insert into Espetaculo values (15, 'Jazz', 8.5);

insert into Preco_Venda values (1,1,1,5);
insert into Preco_Venda values (1,1,2,5.5);
insert into Preco_Venda values (1,1,3,5.5);
insert into Preco_Venda values (1,1,4,5);
insert into Preco_Venda values (1,1,5,5);
insert into Preco_Venda values (1,1,6,6);
insert into Preco_Venda values (1,1,7,6);
insert into Preco_Venda values (1,1,8,6);
insert into Preco_Venda values (1,1,9,5);
insert into Preco_Venda values (1,1,10,5);
insert into Preco_Venda values (1,1,11,6.5);
insert into Preco_Venda values (1,1,12,7);
insert into Preco_Venda values (1,1,13,5);
insert into Preco_Venda values (1,2,1,9);
insert into Preco_Venda values (1,3,2,8);
insert into Preco_Venda values (1,4,3,10);
insert into Preco_Venda values (1,5,4,7);
insert into Preco_Venda values (1,6,5,8);
insert into Preco_Venda values (1,7,6,12);
insert into Preco_Venda values (1,8,6,6);
insert into Preco_Venda values (1,9,7,8);
insert into Preco_Venda values (1,10,8,10);
insert into Preco_Venda values (1,11,9,7);
insert into Preco_Venda values (1,12,10,7);
insert into Preco_Venda values (1,6,11,7);
insert into Preco_Venda values (1,13,12,10);
insert into Preco_Venda values (1,14,13,11);
insert into Preco_Venda values (1,15,14,12);

insert into Preco_Venda values (2,1,1,4);
insert into Preco_Venda values (2,1,2,4);
insert into Preco_Venda values (2,1,3,5.5);
insert into Preco_Venda values (2,1,4,5);
insert into Preco_Venda values (2,1,5,5);
insert into Preco_Venda values (2,1,6,5.5);
insert into Preco_Venda values (2,1,7,5);
insert into Preco_Venda values (2,1,8,7);
insert into Preco_Venda values (2,1,9,8);
insert into Preco_Venda values (2,1,10,8);
insert into Preco_Venda values (2,1,11,5);
insert into Preco_Venda values (2,1,12,5);
insert into Preco_Venda values (2,1,13,5);
insert into Preco_Venda values (2,2,1,9);
insert into Preco_Venda values (2,3,2,8);
insert into Preco_Venda values (2,4,3,10);
insert into Preco_Venda values (2,5,4,7);
insert into Preco_Venda values (2,6,5,8);
insert into Preco_Venda values (2,7,6,12);
insert into Preco_Venda values (2,8,6,6);
insert into Preco_Venda values (2,9,7,8);
insert into Preco_Venda values (2,10,8,10);
insert into Preco_Venda values (2,11,9,7);
insert into Preco_Venda values (2,12,10,7);
insert into Preco_Venda values (2,6,11,7);
insert into Preco_Venda values (2,13,12,10);
insert into Preco_Venda values (2,14,13,11);
insert into Preco_Venda values (2,15,14,12);

insert into Preco_Venda values (3,1,1,5);
insert into Preco_Venda values (3,1,2,7);
insert into Preco_Venda values (3,1,3,7.5);
insert into Preco_Venda values (3,1,4,7);
insert into Preco_Venda values (3,1,5,5);
insert into Preco_Venda values (3,1,6,4.5);
insert into Preco_Venda values (3,1,7,5);
insert into Preco_Venda values (3,1,8,6);
insert into Preco_Venda values (3,1,9,6);
insert into Preco_Venda values (3,1,10,5);
insert into Preco_Venda values (3,1,11,6);
insert into Preco_Venda values (3,1,12,5);
insert into Preco_Venda values (3,1,13,5);
insert into Preco_Venda values (3,2,1,9);
insert into Preco_Venda values (3,3,2,8);
insert into Preco_Venda values (3,4,3,10);
insert into Preco_Venda values (3,5,4,7);
insert into Preco_Venda values (3,6,5,8);
insert into Preco_Venda values (3,7,6,12);
insert into Preco_Venda values (3,8,6,6);
insert into Preco_Venda values (3,9,7,8);
insert into Preco_Venda values (3,10,8,10);
insert into Preco_Venda values (3,11,9,7);
insert into Preco_Venda values (3,12,10,7);
insert into Preco_Venda values (3,6,11,7);
insert into Preco_Venda values (3,13,12,10);
insert into Preco_Venda values (3,14,13,11);
insert into Preco_Venda values (3,15,14,12);

insert into Preco_Venda values (4,1,1,3.5);
insert into Preco_Venda values (4,1,2,4.5);
insert into Preco_Venda values (4,1,3,4);
insert into Preco_Venda values (4,1,4,5);
insert into Preco_Venda values (4,1,5,7.5);
insert into Preco_Venda values (4,1,6,5);
insert into Preco_Venda values (4,1,7,6);
insert into Preco_Venda values (4,1,8,6);
insert into Preco_Venda values (4,1,9,5);
insert into Preco_Venda values (4,1,10,5.5);
insert into Preco_Venda values (4,1,11,5.5);
insert into Preco_Venda values (4,1,12,5);
insert into Preco_Venda values (4,1,13,5);
insert into Preco_Venda values (4,2,1,9);
insert into Preco_Venda values (4,3,2,8);
insert into Preco_Venda values (4,4,3,10);
insert into Preco_Venda values (4,5,4,7);
insert into Preco_Venda values (4,6,5,8);
insert into Preco_Venda values (4,7,6,12);
insert into Preco_Venda values (4,8,6,6);
insert into Preco_Venda values (4,9,7,8);
insert into Preco_Venda values (4,10,8,10);
insert into Preco_Venda values (4,11,9,7);
insert into Preco_Venda values (4,12,10,7);
insert into Preco_Venda values (4,6,11,7);
insert into Preco_Venda values (4,13,12,10);
insert into Preco_Venda values (4,14,13,11);
insert into Preco_Venda values (4,15,14,12);

insert into Preco_Venda values (5,1,1,4);
insert into Preco_Venda values (5,1,2,5.5);
insert into Preco_Venda values (5,1,3,5.5);
insert into Preco_Venda values (5,1,4,5);
insert into Preco_Venda values (5,1,5,5);
insert into Preco_Venda values (5,1,6,5);
insert into Preco_Venda values (5,1,7,7.5);
insert into Preco_Venda values (5,1,8,7);
insert into Preco_Venda values (5,1,9,5);
insert into Preco_Venda values (5,1,10,5);
insert into Preco_Venda values (5,1,11,6);
insert into Preco_Venda values (5,1,12,6);
insert into Preco_Venda values (5,1,13,5);
insert into Preco_Venda values (5,2,1,9);
insert into Preco_Venda values (5,3,2,8);
insert into Preco_Venda values (5,4,3,10);
insert into Preco_Venda values (5,5,4,7);
insert into Preco_Venda values (5,6,5,8);
insert into Preco_Venda values (5,7,6,12);
insert into Preco_Venda values (5,8,6,6);
insert into Preco_Venda values (5,9,7,8);
insert into Preco_Venda values (5,10,8,10);
insert into Preco_Venda values (5,11,9,7);
insert into Preco_Venda values (5,12,10,7);
insert into Preco_Venda values (5,6,11,7);
insert into Preco_Venda values (5,13,12,10);
insert into Preco_Venda values (5,14,13,11);
insert into Preco_Venda values (5,15,14,12);

insert into Preco_Venda values (6,1,1,5);
insert into Preco_Venda values (6,1,2,7);
insert into Preco_Venda values (6,1,3,5);
insert into Preco_Venda values (6,1,4,6);
insert into Preco_Venda values (6,1,5,7.5);
insert into Preco_Venda values (6,1,6,5);
insert into Preco_Venda values (6,1,7,5);
insert into Preco_Venda values (6,1,8,6.5);
insert into Preco_Venda values (6,1,9,5);
insert into Preco_Venda values (6,1,10,4);
insert into Preco_Venda values (6,1,11,5);
insert into Preco_Venda values (6,1,12,5.5);
insert into Preco_Venda values (6,1,13,5);
insert into Preco_Venda values (6,2,1,9);
insert into Preco_Venda values (6,3,2,8);
insert into Preco_Venda values (6,4,3,10);
insert into Preco_Venda values (6,5,4,7);
insert into Preco_Venda values (6,6,5,8);
insert into Preco_Venda values (6,7,6,12);
insert into Preco_Venda values (6,8,6,6);
insert into Preco_Venda values (6,9,7,8);
insert into Preco_Venda values (6,10,8,10);
insert into Preco_Venda values (6,11,9,7);
insert into Preco_Venda values (6,12,10,7);
insert into Preco_Venda values (6,6,11,7);
insert into Preco_Venda values (6,13,12,10);
insert into Preco_Venda values (6,14,13,11);
insert into Preco_Venda values (6,15,14,12);

insert into Preco_Venda values (7,1,1,5);
insert into Preco_Venda values (7,1,2,4.5);
insert into Preco_Venda values (7,1,3,3.5);
insert into Preco_Venda values (7,1,4,5);
insert into Preco_Venda values (7,1,5,5);
insert into Preco_Venda values (7,1,6,7);
insert into Preco_Venda values (7,1,7,7);
insert into Preco_Venda values (7,1,8,5);
insert into Preco_Venda values (7,1,9,5);
insert into Preco_Venda values (7,1,10,5.5);
insert into Preco_Venda values (7,1,11,5);
insert into Preco_Venda values (7,1,12,6);
insert into Preco_Venda values (7,1,13,5);
insert into Preco_Venda values (7,2,1,9);
insert into Preco_Venda values (7,3,2,8);
insert into Preco_Venda values (7,4,3,10);
insert into Preco_Venda values (7,5,4,7);
insert into Preco_Venda values (7,6,5,8);
insert into Preco_Venda values (7,7,6,12);
insert into Preco_Venda values (7,8,6,6);
insert into Preco_Venda values (7,9,7,8);
insert into Preco_Venda values (7,10,8,10);
insert into Preco_Venda values (7,11,9,7);
insert into Preco_Venda values (7,12,10,7);
insert into Preco_Venda values (7,6,11,7);
insert into Preco_Venda values (7,13,12,10);
insert into Preco_Venda values (7,14,13,11);
insert into Preco_Venda values (7,15,14,12);

insert into Preco_Venda values (8,1,1,5);
insert into Preco_Venda values (8,1,2,4.5);
insert into Preco_Venda values (8,1,3,5);
insert into Preco_Venda values (8,1,4,4);
insert into Preco_Venda values (8,1,5,8);
insert into Preco_Venda values (8,1,6,5);
insert into Preco_Venda values (8,1,7,5);
insert into Preco_Venda values (8,1,8,6);
insert into Preco_Venda values (8,1,9,5);
insert into Preco_Venda values (8,1,10,5);
insert into Preco_Venda values (8,1,11,5.5);
insert into Preco_Venda values (8,1,12,5);
insert into Preco_Venda values (8,1,13,5);
insert into Preco_Venda values (8,2,1,9);
insert into Preco_Venda values (8,3,2,8);
insert into Preco_Venda values (8,4,3,10);
insert into Preco_Venda values (8,5,4,7);
insert into Preco_Venda values (8,6,5,8);
insert into Preco_Venda values (8,7,6,12);
insert into Preco_Venda values (8,8,6,6);
insert into Preco_Venda values (8,9,7,8);
insert into Preco_Venda values (8,10,8,10);
insert into Preco_Venda values (8,11,9,7);
insert into Preco_Venda values (8,12,10,7);
insert into Preco_Venda values (8,6,11,7);
insert into Preco_Venda values (8,13,12,10);
insert into Preco_Venda values (8,14,13,11);
insert into Preco_Venda values (8,15,14,12);

insert into Preco_Venda values (9,1,1,5);
insert into Preco_Venda values (9,1,2,5);
insert into Preco_Venda values (9,1,3,4);
insert into Preco_Venda values (9,1,4,5);
insert into Preco_Venda values (9,1,5,5.5);
insert into Preco_Venda values (9,1,6,5);
insert into Preco_Venda values (9,1,7,5);
insert into Preco_Venda values (9,1,8,7.5);
insert into Preco_Venda values (9,1,9,5);
insert into Preco_Venda values (9,1,10,5);
insert into Preco_Venda values (9,1,11,6);
insert into Preco_Venda values (9,1,12,5);
insert into Preco_Venda values (9,1,13,5);
insert into Preco_Venda values (9,2,1,9);
insert into Preco_Venda values (9,3,2,8);
insert into Preco_Venda values (9,4,3,10);
insert into Preco_Venda values (9,5,4,7);
insert into Preco_Venda values (9,6,5,8);
insert into Preco_Venda values (9,7,6,12);
insert into Preco_Venda values (9,8,6,6);
insert into Preco_Venda values (9,9,7,8);
insert into Preco_Venda values (9,10,8,10);
insert into Preco_Venda values (9,11,9,7);
insert into Preco_Venda values (9,12,10,7);
insert into Preco_Venda values (9,6,11,7);
insert into Preco_Venda values (9,13,12,10);
insert into Preco_Venda values (9,14,13,11);
insert into Preco_Venda values (9,15,14,12);

insert into Preco_Venda values (10,1,1,5);
insert into Preco_Venda values (10,1,2,5);
insert into Preco_Venda values (10,1,3,4);
insert into Preco_Venda values (10,1,4,5);
insert into Preco_Venda values (10,1,5,3.5);
insert into Preco_Venda values (10,1,6,5.5);
insert into Preco_Venda values (10,1,7,5);
insert into Preco_Venda values (10,1,8,5);
insert into Preco_Venda values (10,1,9,6);
insert into Preco_Venda values (10,1,10,5);
insert into Preco_Venda values (10,1,11,5);
insert into Preco_Venda values (10,1,12,7);
insert into Preco_Venda values (10,1,13,5);
insert into Preco_Venda values (10,2,1,9);
insert into Preco_Venda values (10,3,2,8);
insert into Preco_Venda values (10,4,3,10);
insert into Preco_Venda values (10,5,4,7);
insert into Preco_Venda values (10,6,5,8);
insert into Preco_Venda values (10,7,6,12);
insert into Preco_Venda values (10,8,6,6);
insert into Preco_Venda values (10,9,7,8);
insert into Preco_Venda values (10,10,8,10);
insert into Preco_Venda values (10,11,9,7);
insert into Preco_Venda values (10,12,10,7);
insert into Preco_Venda values (10,6,11,7);
insert into Preco_Venda values (10,13,12,10);
insert into Preco_Venda values (10,14,13,11);
insert into Preco_Venda values (10,15,14,12);


insert into Datas values (1,2020,1,13);
insert into Datas values (2,2020,2,13);
insert into Datas values (3,2020,3,13);
insert into Datas values (4,2020,4,13);
insert into Datas values (5,2020,5,13);
insert into Datas values (6,2020,6,13);
insert into Datas values (7,2020,7,13);
insert into Datas values (8,2020,8,13);
insert into Datas values (9,2020,9,13);
insert into Datas values (10,2020,10,13);
insert into Datas values (11,2020,11,13);
insert into Datas values (12,2020,12,13);

insert into Sala_Espetaculo values (1, 1, 1);
insert into Sala_Espetaculo values (2, 1, 2);
insert into Sala_Espetaculo values (2, 2, 1);
insert into Sala_Espetaculo values (1, 2, 2);
insert into Sala_Espetaculo values (3, 3, 1);
insert into Sala_Espetaculo values (4, 3, 2);
insert into Sala_Espetaculo values (4, 4, 1);
insert into Sala_Espetaculo values (3, 4, 2);
insert into Sala_Espetaculo values (5, 5, 1);
insert into Sala_Espetaculo values (6, 5, 2);
insert into Sala_Espetaculo values (6, 6, 1);
insert into Sala_Espetaculo values (5, 6, 2);
insert into Sala_Espetaculo values (7, 7, 1);
insert into Sala_Espetaculo values (8, 7, 2);
insert into Sala_Espetaculo values (8, 8, 1);
insert into Sala_Espetaculo values (7, 8, 2);
insert into Sala_Espetaculo values (9, 9, 1);
insert into Sala_Espetaculo values (10, 9, 2);
insert into Sala_Espetaculo values (10, 10, 1);
insert into Sala_Espetaculo values (9, 10, 2);
insert into Sala_Espetaculo values (11, 11, 1);
insert into Sala_Espetaculo values (12, 11, 2);
insert into Sala_Espetaculo values (12, 12, 1);
insert into Sala_Espetaculo values (11, 12, 2);

insert into Artista values('Julinho KSD',15000);
insert into Artista values('Quim Barreiros',5000);
insert into Artista values('Carlos Manaça',8000);
insert into Artista values('DEAU',2000);
insert into Artista values('Miss Sheila',6000);
insert into Artista values('Miguel Araújo',10000);
insert into Artista values('António Zambujo',12000);
insert into Artista values('Mundo Segundo',5000);
insert into Artista values('Carolina Deslandes',5000);
insert into Artista values('Diego Miranda',10000);

insert into Applied3 values(1, 'Julinho KSD');
insert into Applied3 values(2, 'DEAU');
insert into Applied3 values(3, 'Mundo Segundo');
insert into Applied3 values(4, 'Carlos Manaça');
insert into Applied3 values(5, 'Miss Sheila');
insert into Applied3 values(6, 'Diego Miranda');
insert into Applied3 values(7, 'Miguel Araújo');
insert into Applied3 values(8, 'António Zambujo');
insert into Applied3 values(9, 'Carolina Deslandes');
insert into Applied3 values(10, 'Quim Barreiros');
